﻿<?xml version="1.0" encoding="utf-8"?>
<ArrayOfEnchant xmlns:xsi="http://www.w3.org/2001/XMLSchema-instance" xmlns:xsd="http://www.w3.org/2001/XMLSchema">
  <Enchant>
    <Id>0</Id>
    <Name>No Enchant</Name>
    <Slot>None</Slot>
    <Stats />
  </Enchant>
  <Enchant>
    <Id>2999</Id>
    <Name>Arcanum of the Defender</Name>
    <Slot>Head</Slot>
    <Stats>
      <DodgeRating>17</DodgeRating>
      <DefenseRating>16</DefenseRating>
    </Stats>
  </Enchant>
  <Enchant>
    <Id>3818</Id>
    <Name>Arcanum of the Stalwart Protector</Name>
    <Slot>Head</Slot>
    <Stats>
      <Stamina>37</Stamina>
      <DefenseRating>20</DefenseRating>
    </Stats>
  </Enchant>
  <Enchant>
    <Id>2991</Id>
    <Name>Greater Inscription of the Knight</Name>
    <Slot>Shoulders</Slot>
    <Stats>
      <DodgeRating>10</DodgeRating>
      <DefenseRating>15</DefenseRating>
    </Stats>
  </Enchant>
  <Enchant>
    <Id>2990</Id>
    <Name>Inscription of the Knight</Name>
    <Slot>Shoulders</Slot>
    <Stats>
      <DefenseRating>13</DefenseRating>
    </Stats>
  </Enchant>
  <Enchant>
    <Id>2978</Id>
    <Name>Greater Inscription of Warding</Name>
    <Slot>Shoulders</Slot>
    <Stats>
      <DodgeRating>15</DodgeRating>
      <DefenseRating>10</DefenseRating>
    </Stats>
  </Enchant>
  <Enchant>
    <Id>2977</Id>
    <Name>Inscription of Warding</Name>
    <Slot>Shoulders</Slot>
    <Stats>
      <DodgeRating>13</DodgeRating>
    </Stats>
  </Enchant>
  <Enchant>
    <Id>368</Id>
    <Name>Greater Agility</Name>
    <Slot>Back</Slot>
    <Stats>
      <Agility>12</Agility>
    </Stats>
  </Enchant>
  <Enchant>
    <Id>983</Id>
    <Name>Superior Agility</Name>
    <Slot>Back</Slot>
    <Stats>
      <Agility>16</Agility>
    </Stats>
  </Enchant>
  <Enchant>
    <Id>1099</Id>
    <Name>Major Agility</Name>
    <Slot>Back</Slot>
    <Stats>
      <Agility>22</Agility>
    </Stats>
  </Enchant>
  <Enchant>
    <Id>3256</Id>
    <Name>Shadow Armor</Name>
    <Slot>Back</Slot>
    <Stats>
      <Agility>10</Agility>
    </Stats>
  </Enchant>
  <Enchant>
    <Id>3825</Id>
    <Name>Speed</Name>
    <Slot>Back</Slot>
    <Stats>
      <HasteRating>15</HasteRating>
    </Stats>
  </Enchant>
  <Enchant>
    <Id>3831</Id>
    <Name>Greater Speed</Name>
    <Slot>Back</Slot>
    <Stats>
      <HasteRating>23</HasteRating>
    </Stats>
  </Enchant>
  <Enchant>
    <Id>2662</Id>
    <Name>Major Armor</Name>
    <Slot>Back</Slot>
    <Stats>
      <BonusArmor>120</BonusArmor>
    </Stats>
  </Enchant>
  <Enchant>
    <Id>3294</Id>
    <Name>Mighty Armor</Name>
    <Slot>Back</Slot>
    <Stats>
      <BonusArmor>225</BonusArmor>
    </Stats>
  </Enchant>
  <Enchant>
    <Id>2622</Id>
    <Name>Dodge</Name>
    <Slot>Back</Slot>
    <Stats>
      <DodgeRating>12</DodgeRating>
    </Stats>
  </Enchant>
  <Enchant>
    <Id>2659</Id>
    <Name>Exceptional Health</Name>
    <Slot>Chest</Slot>
    <Stats>
      <Health>150</Health>
    </Stats>
  </Enchant>
  <Enchant>
    <Id>3236</Id>
    <Name>Mighty Health</Name>
    <Slot>Chest</Slot>
    <Stats>
      <Health>200</Health>
    </Stats>
  </Enchant>
  <Enchant>
    <Id>3297</Id>
    <Name>Super Health</Name>
    <Slot>Chest</Slot>
    <Stats>
      <Health>275</Health>
    </Stats>
  </Enchant>
  <Enchant>
    <Id>2661</Id>
    <Name>Exceptional Stats</Name>
    <Slot>Chest</Slot>
    <Stats>
      <Agility>6</Agility>
      <Stamina>6</Stamina>
      <Strength>6</Strength>
      <Intellect>6</Intellect>
      <Spirit>6</Spirit>
    </Stats>
  </Enchant>
  <Enchant>
    <Id>3252</Id>
    <Name>Super Stats</Name>
    <Slot>Chest</Slot>
    <Stats>
      <Agility>8</Agility>
      <Stamina>8</Stamina>
      <Strength>8</Strength>
      <Intellect>8</Intellect>
      <Spirit>8</Spirit>
    </Stats>
  </Enchant>
  <Enchant>
    <Id>3832</Id>
    <Name>Powerful Stats</Name>
    <Slot>Chest</Slot>
    <Stats>
      <Agility>10</Agility>
      <Stamina>10</Stamina>
      <Strength>10</Strength>
      <Intellect>10</Intellect>
      <Spirit>10</Spirit>
    </Stats>
  </Enchant>
  <Enchant>
    <Id>2933</Id>
    <Name>Major Resilience</Name>
    <Slot>Chest</Slot>
    <Stats>
      <Resilience>15</Resilience>
    </Stats>
  </Enchant>
  <Enchant>
    <Id>3245</Id>
    <Name>Exceptional Resilience</Name>
    <Slot>Chest</Slot>
    <Stats>
      <Resilience>20</Resilience>
    </Stats>
  </Enchant>
  <Enchant>
    <Id>1950</Id>
    <Name>Major Defense</Name>
    <Slot>Chest</Slot>
    <Stats>
      <DefenseRating>15</DefenseRating>
    </Stats>
  </Enchant>
  <Enchant>
    <Id>1953</Id>
    <Name>Greater Defense</Name>
    <Slot>Chest</Slot>
    <Stats>
      <DefenseRating>22</DefenseRating>
    </Stats>
  </Enchant>
  <Enchant>
    <Id>2649</Id>
    <Name>Fortitude</Name>
    <Slot>Wrist</Slot>
    <Stats>
      <Stamina>12</Stamina>
    </Stats>
  </Enchant>
  <Enchant>
    <Id>1886</Id>
    <Name>Superior Stamina</Name>
    <Slot>Wrist</Slot>
    <Stats>
      <Stamina>9</Stamina>
    </Stats>
  </Enchant>
  <Enchant>
    <Id>2648</Id>
    <Name>Major Defense</Name>
    <Slot>Wrist</Slot>
    <Stats>
      <DefenseRating>12</DefenseRating>
    </Stats>
  </Enchant>
  <Enchant>
    <Id>1891</Id>
    <Name>Stats</Name>
    <Slot>Wrist</Slot>
    <Stats>
      <Agility>4</Agility>
      <Stamina>4</Stamina>
      <Strength>4</Strength>
      <Intellect>4</Intellect>
      <Spirit>4</Spirit>
    </Stats>
  </Enchant>
  <Enchant>
    <Id>2661</Id>
    <Name>Greater Stats</Name>
    <Slot>Wrist</Slot>
    <Stats>
      <Agility>6</Agility>
      <Stamina>6</Stamina>
      <Strength>6</Strength>
      <Intellect>6</Intellect>
      <Spirit>6</Spirit>
    </Stats>
  </Enchant>
  <Enchant>
    <Id>2564</Id>
    <Name>Superior Agility</Name>
    <Slot>Hands</Slot>
    <Stats>
      <Agility>15</Agility>
    </Stats>
  </Enchant>
  <Enchant>
    <Id>3222</Id>
    <Name>Major Agility</Name>
    <Slot>Hands</Slot>
    <Stats>
      <Agility>20</Agility>
    </Stats>
  </Enchant>
  <Enchant>
    <Id>3011</Id>
    <Name>Clefthide Leg Armor</Name>
    <Slot>Legs</Slot>
    <Stats>
      <Agility>10</Agility>
      <Stamina>30</Stamina>
    </Stats>
  </Enchant>
  <Enchant>
    <Id>3013</Id>
    <Name>Nethercleft Leg Armor</Name>
    <Slot>Legs</Slot>
    <Stats>
      <Agility>12</Agility>
      <Stamina>40</Stamina>
    </Stats>
  </Enchant>
  <Enchant>
    <Id>3325</Id>
    <Name>Jormungar Leg Armor</Name>
    <Slot>Legs</Slot>
    <Stats>
      <Agility>15</Agility>
      <Stamina>45</Stamina>
    </Stats>
  </Enchant>
  <Enchant>
    <Id>3822</Id>
    <Name>Frosthide Leg Armor</Name>
    <Slot>Legs</Slot>
    <Stats>
      <Agility>22</Agility>
      <Stamina>55</Stamina>
    </Stats>
  </Enchant>
  <Enchant>
    <Id>2939</Id>
    <Name>Cat's Swiftness</Name>
    <Slot>Feet</Slot>
    <Stats>
      <Agility>6</Agility>
      <MovementSpeed>0.08</MovementSpeed>
    </Stats>
  </Enchant>
  <Enchant>
    <Id>2940</Id>
    <Name>Boar's Speed</Name>
    <Slot>Feet</Slot>
    <Stats>
      <Stamina>9</Stamina>
      <MovementSpeed>0.08</MovementSpeed>
    </Stats>
  </Enchant>
  <Enchant>
    <Id>3232</Id>
    <Name>Tuskarr's Vitality</Name>
    <Slot>Feet</Slot>
    <Stats>
      <Stamina>15</Stamina>
      <MovementSpeed>0.08</MovementSpeed>
    </Stats>
  </Enchant>
  <Enchant>
    <Id>2657</Id>
    <Name>Dexterity</Name>
    <Slot>Feet</Slot>
    <Stats>
      <Agility>12</Agility>
    </Stats>
  </Enchant>
  <Enchant>
    <Id>983</Id>
    <Name>Superior Agility</Name>
    <Slot>Feet</Slot>
    <Stats>
      <Agility>16</Agility>
    </Stats>
  </Enchant>
  <Enchant>
    <Id>3824</Id>
    <Name>Assault</Name>
    <Slot>Feet</Slot>
    <Stats>
      <AttackPower>24</AttackPower>
    </Stats>
  </Enchant>
  <Enchant>
    <Id>1597</Id>
    <Name>Greater Assault</Name>
    <Slot>Feet</Slot>
    <Stats>
      <AttackPower>32</AttackPower>
    </Stats>
  </Enchant>
  <Enchant>
    <Id>2649</Id>
    <Name>Fortitude</Name>
    <Slot>Feet</Slot>
    <Stats>
      <Stamina>12</Stamina>
    </Stats>
  </Enchant>
  <Enchant>
    <Id>1075</Id>
    <Name>Greater Fortitude</Name>
    <Slot>Feet</Slot>
    <Stats>
      <Stamina>22</Stamina>
    </Stats>
  </Enchant>
  <Enchant>
    <Id>2931</Id>
    <Name>Stats</Name>
    <Slot>Finger</Slot>
    <Stats>
      <Agility>4</Agility>
      <Stamina>4</Stamina>
      <Strength>4</Strength>
      <Intellect>4</Intellect>
      <Spirit>4</Spirit>
    </Stats>
  </Enchant>
  <Enchant>
    <Id>3791</Id>
    <Name>Stamina</Name>
    <Slot>Finger</Slot>
    <Stats>
      <Stamina>30</Stamina>
    </Stats>
  </Enchant>
  <Enchant>
    <Id>2670</Id>
    <Name>Major Agility</Name>
    <Slot>TwoHand</Slot>
    <Stats>
      <Agility>35</Agility>
    </Stats>
  </Enchant>
  <Enchant>
    <Id>2792</Id>
    <Name>Knothide Armor Kit</Name>
    <Slot>Chest</Slot>
    <Stats>
      <Stamina>8</Stamina>
    </Stats>
  </Enchant>
  <Enchant>
    <Id>2792</Id>
    <Name>Knothide Armor Kit</Name>
    <Slot>Legs</Slot>
    <Stats>
      <Stamina>8</Stamina>
    </Stats>
  </Enchant>
  <Enchant>
    <Id>2792</Id>
    <Name>Knothide Armor Kit</Name>
    <Slot>Hands</Slot>
    <Stats>
      <Stamina>8</Stamina>
    </Stats>
  </Enchant>
  <Enchant>
    <Id>2792</Id>
    <Name>Knothide Armor Kit</Name>
    <Slot>Feet</Slot>
    <Stats>
      <Stamina>8</Stamina>
    </Stats>
  </Enchant>
  <Enchant>
    <Id>3329</Id>
    <Name>Borean Armor Kit</Name>
    <Slot>Chest</Slot>
    <Stats>
      <Stamina>12</Stamina>
    </Stats>
  </Enchant>
  <Enchant>
    <Id>3329</Id>
    <Name>Borean Armor Kit</Name>
    <Slot>Legs</Slot>
    <Stats>
      <Stamina>12</Stamina>
    </Stats>
  </Enchant>
  <Enchant>
    <Id>3329</Id>
    <Name>Borean Armor Kit</Name>
    <Slot>Hands</Slot>
    <Stats>
      <Stamina>12</Stamina>
    </Stats>
  </Enchant>
  <Enchant>
    <Id>3329</Id>
    <Name>Borean Armor Kit</Name>
    <Slot>Feet</Slot>
    <Stats>
      <Stamina>12</Stamina>
    </Stats>
  </Enchant>
  <Enchant>
    <Id>3330</Id>
    <Name>Heavy Borean Armor Kit</Name>
    <Slot>Chest</Slot>
    <Stats>
      <Stamina>18</Stamina>
    </Stats>
  </Enchant>
  <Enchant>
    <Id>3330</Id>
    <Name>Heavy Borean Armor Kit</Name>
    <Slot>Legs</Slot>
    <Stats>
      <Stamina>18</Stamina>
    </Stats>
  </Enchant>
  <Enchant>
    <Id>3330</Id>
    <Name>Heavy Borean Armor Kit</Name>
    <Slot>Hands</Slot>
    <Stats>
      <Stamina>18</Stamina>
    </Stats>
  </Enchant>
  <Enchant>
    <Id>3330</Id>
    <Name>Heavy Borean Armor Kit</Name>
    <Slot>Feet</Slot>
    <Stats>
      <Stamina>18</Stamina>
    </Stats>
  </Enchant>
  <Enchant>
    <Id>3330</Id>
    <Name>Heavy Borean Armor Kit</Name>
    <Slot>Head</Slot>
    <Stats>
      <Stamina>18</Stamina>
    </Stats>
  </Enchant>
  <Enchant>
    <Id>3330</Id>
    <Name>Heavy Borean Armor Kit</Name>
    <Slot>Shoulders</Slot>
    <Stats>
      <Stamina>18</Stamina>
    </Stats>
  </Enchant>
  <Enchant>
    <Id>2793</Id>
    <Name>Vindicator's Armor Kit</Name>
    <Slot>Chest</Slot>
    <Stats>
      <DefenseRating>8</DefenseRating>
    </Stats>
  </Enchant>
  <Enchant>
    <Id>2793</Id>
    <Name>Vindicator's Armor Kit</Name>
    <Slot>Hands</Slot>
    <Stats>
      <DefenseRating>8</DefenseRating>
    </Stats>
  </Enchant>
  <Enchant>
    <Id>2793</Id>
    <Name>Vindicator's Armor Kit</Name>
    <Slot>Legs</Slot>
    <Stats>
      <DefenseRating>8</DefenseRating>
    </Stats>
  </Enchant>
  <Enchant>
    <Id>2793</Id>
    <Name>Vindicator's Armor Kit</Name>
    <Slot>Feet</Slot>
    <Stats>
      <DefenseRating>8</DefenseRating>
    </Stats>
  </Enchant>
  <Enchant>
    <Id>2841</Id>
    <Name>Heavy Knothide Armor Kit</Name>
    <Slot>Head</Slot>
    <Stats>
      <Stamina>10</Stamina>
    </Stats>
  </Enchant>
  <Enchant>
    <Id>2841</Id>
    <Name>Heavy Knothide Armor Kit</Name>
    <Slot>Chest</Slot>
    <Stats>
      <Stamina>10</Stamina>
    </Stats>
  </Enchant>
  <Enchant>
    <Id>2841</Id>
    <Name>Heavy Knothide Armor Kit</Name>
    <Slot>Shoulders</Slot>
    <Stats>
      <Stamina>10</Stamina>
    </Stats>
  </Enchant>
  <Enchant>
    <Id>2841</Id>
    <Name>Heavy Knothide Armor Kit</Name>
    <Slot>Legs</Slot>
    <Stats>
      <Stamina>10</Stamina>
    </Stats>
  </Enchant>
  <Enchant>
    <Id>2841</Id>
    <Name>Heavy Knothide Armor Kit</Name>
    <Slot>Hands</Slot>
    <Stats>
      <Stamina>10</Stamina>
    </Stats>
  </Enchant>
  <Enchant>
    <Id>2841</Id>
    <Name>Heavy Knothide Armor Kit</Name>
    <Slot>Feet</Slot>
    <Stats>
      <Stamina>10</Stamina>
    </Stats>
  </Enchant>
  <Enchant>
    <Id>3260</Id>
    <Name>Glove Reinforcements</Name>
    <Slot>Hands</Slot>
    <Stats>
      <BonusArmor>240</BonusArmor>
    </Stats>
  </Enchant>
  <Enchant>
    <Id>1441</Id>
    <Name>Greater Shadow Resistance</Name>
    <Slot>Back</Slot>
    <Stats>
      <ShadowResistance>15</ShadowResistance>
    </Stats>
  </Enchant>
  <Enchant>
    <Id>2543</Id>
    <Name>Arcanum of Rapidity</Name>
    <Slot>Head</Slot>
    <Stats>
      <HasteRating>10</HasteRating>
    </Stats>
  </Enchant>
  <Enchant>
    <Id>3003</Id>
    <Name>Arcanum of Ferocity</Name>
    <Slot>Head</Slot>
    <Stats>
      <AttackPower>34</AttackPower>
      <HitRating>16</HitRating>
    </Stats>
  </Enchant>
  <Enchant>
    <Id>3817</Id>
    <Name>Arcanum of Torment</Name>
    <Slot>Head</Slot>
    <Stats>
      <AttackPower>50</AttackPower>
      <CritRating>20</CritRating>
    </Stats>
  </Enchant>
  <Enchant>
    <Id>3096</Id>
    <Name>Arcanum of the Outcast</Name>
    <Slot>Head</Slot>
    <Stats>
      <Strength>17</Strength>
      <Intellect>16</Intellect>
    </Stats>
  </Enchant>
  <Enchant>
    <Id>2716</Id>
    <Name>Fortitude of the Scourge</Name>
    <Slot>Shoulders</Slot>
    <Stats>
      <BonusArmor>100</BonusArmor>
      <Stamina>16</Stamina>
    </Stats>
  </Enchant>
  <Enchant>
    <Id>2717</Id>
    <Name>Might of the Scourge</Name>
    <Slot>Shoulders</Slot>
    <Stats>
      <AttackPower>26</AttackPower>
      <CritRating>14</CritRating>
    </Stats>
  </Enchant>
  <Enchant>
    <Id>2583</Id>
    <Name>Presence of Might</Name>
    <Slot>Head</Slot>
    <Stats>
      <Stamina>10</Stamina>
      <BlockValue>30</BlockValue>
      <DefenseRating>10</DefenseRating>
    </Stats>
  </Enchant>
  <Enchant>
    <Id>2583</Id>
    <Name>Presence of Might</Name>
    <Slot>Legs</Slot>
    <Stats>
      <Stamina>10</Stamina>
      <BlockValue>30</BlockValue>
      <DefenseRating>10</DefenseRating>
    </Stats>
  </Enchant>
  <Enchant>
    <Id>2997</Id>
    <Name>Greater Inscription of the Blade</Name>
    <Slot>Shoulders</Slot>
    <Stats>
      <AttackPower>20</AttackPower>
      <CritRating>15</CritRating>
    </Stats>
  </Enchant>
  <Enchant>
    <Id>2986</Id>
    <Name>Greater Inscription of Vengeance</Name>
    <Slot>Shoulders</Slot>
    <Stats>
      <AttackPower>30</AttackPower>
      <CritRating>10</CritRating>
    </Stats>
  </Enchant>
  <Enchant>
    <Id>2996</Id>
    <Name>Inscription of the Blade</Name>
    <Slot>Shoulders</Slot>
    <Stats>
      <CritRating>13</CritRating>
    </Stats>
  </Enchant>
  <Enchant>
    <Id>2983</Id>
    <Name>Inscription of Vengeance</Name>
    <Slot>Shoulders</Slot>
    <Stats>
      <AttackPower>26</AttackPower>
    </Stats>
  </Enchant>
  <Enchant>
    <Id>2606</Id>
    <Name>Zandalar Signet of Might</Name>
    <Slot>Shoulders</Slot>
    <Stats>
      <AttackPower>30</AttackPower>
    </Stats>
  </Enchant>
  <Enchant>
    <Id>2647</Id>
    <Name>Brawn</Name>
    <Slot>Wrist</Slot>
    <Stats>
      <Strength>12</Strength>
    </Stats>
  </Enchant>
  <Enchant>
    <Id>684</Id>
    <Name>Major Strength</Name>
    <Slot>Hands</Slot>
    <Stats>
      <Strength>15</Strength>
    </Stats>
  </Enchant>
  <Enchant>
    <Id>931</Id>
    <Name>Minor Haste</Name>
    <Slot>Hands</Slot>
    <Stats>
      <HasteRating>10</HasteRating>
    </Stats>
  </Enchant>
  <Enchant>
    <Id>3012</Id>
    <Name>Nethercobra Leg Armor</Name>
    <Slot>Legs</Slot>
    <Stats>
      <AttackPower>50</AttackPower>
      <CritRating>12</CritRating>
    </Stats>
  </Enchant>
  <Enchant>
    <Id>3010</Id>
    <Name>Cobrahide Leg Armor</Name>
    <Slot>Legs</Slot>
    <Stats>
      <AttackPower>40</AttackPower>
      <CritRating>10</CritRating>
    </Stats>
  </Enchant>
  <Enchant>
    <Id>3823</Id>
    <Name>Icescale Leg Armor</Name>
    <Slot>Legs</Slot>
    <Stats>
      <AttackPower>75</AttackPower>
      <CritRating>22</CritRating>
    </Stats>
  </Enchant>
  <Enchant>
    <Id>3326</Id>
    <Name>Nerubian Leg Armor</Name>
    <Slot>Legs</Slot>
    <Stats>
      <AttackPower>55</AttackPower>
      <CritRating>15</CritRating>
    </Stats>
  </Enchant>
  <Enchant>
    <Id>8000</Id>
    <Name>Earthen Leg Armor</Name>
    <Slot>Legs</Slot>
    <Stats>
      <Resilience>40</Resilience>
      <Stamina>28</Stamina>
    </Stats>
  </Enchant>
  <Enchant>
    <Id>2658</Id>
    <Name>Surefooted</Name>
    <Slot>Feet</Slot>
    <Stats>
      <CritRating>10</CritRating>
      <HitRating>10</HitRating>
    </Stats>
  </Enchant>
  <Enchant>
    <Id>3826</Id>
    <Name>Icewalker</Name>
    <Slot>Feet</Slot>
    <Stats>
      <CritRating>12</CritRating>
      <HitRating>12</HitRating>
    </Stats>
  </Enchant>
  <Enchant>
    <Id>2929</Id>
    <Name>Striking</Name>
    <Slot>Finger</Slot>
    <Stats>
      <WeaponDamage>2</WeaponDamage>
    </Stats>
  </Enchant>
  <Enchant>
    <Id>3839</Id>
    <Name>Assault</Name>
    <Slot>Finger</Slot>
    <Stats>
      <AttackPower>40</AttackPower>
    </Stats>
  </Enchant>
  <Enchant>
    <Id>2667</Id>
    <Name>Savagery</Name>
    <Slot>TwoHand</Slot>
    <Stats>
      <AttackPower>70</AttackPower>
    </Stats>
  </Enchant>
  <Enchant>
    <Id>3828</Id>
    <Name>Greater Savagery</Name>
    <Slot>TwoHand</Slot>
    <Stats>
      <AttackPower>85</AttackPower>
    </Stats>
  </Enchant>
  <Enchant>
    <Id>3827</Id>
    <Name>Massacre</Name>
    <Slot>TwoHand</Slot>
    <Stats>
      <AttackPower>110</AttackPower>
    </Stats>
  </Enchant>
  <Enchant>
    <Id>1593</Id>
    <Name>Assault</Name>
    <Slot>Wrist</Slot>
    <Stats>
      <AttackPower>24</AttackPower>
    </Stats>
  </Enchant>
  <Enchant>
    <Id>1600</Id>
    <Name>Striking</Name>
    <Slot>Wrist</Slot>
    <Stats>
      <AttackPower>38</AttackPower>
    </Stats>
  </Enchant>
  <Enchant>
    <Id>3845</Id>
    <Name>Greater Assault</Name>
    <Slot>Wrist</Slot>
    <Stats>
      <AttackPower>50</AttackPower>
    </Stats>
  </Enchant>
  <Enchant>
    <Id>3231</Id>
    <Name>Expertise</Name>
    <Slot>Wrist</Slot>
    <Stats>
      <ExpertiseRating>15</ExpertiseRating>
    </Stats>
  </Enchant>
  <Enchant>
    <Id>3829</Id>
    <Name>Greater Assault</Name>
    <Slot>Hands</Slot>
    <Stats>
      <AttackPower>35</AttackPower>
    </Stats>
  </Enchant>
  <Enchant>
    <Id>1594</Id>
    <Name>Assault</Name>
    <Slot>Hands</Slot>
    <Stats>
      <AttackPower>26</AttackPower>
    </Stats>
  </Enchant>
  <Enchant>
    <Id>1603</Id>
    <Name>Crusher</Name>
    <Slot>Hands</Slot>
    <Stats>
      <AttackPower>44</AttackPower>
    </Stats>
  </Enchant>
  <Enchant>
    <Id>3231</Id>
    <Name>Expertise</Name>
    <Slot>Hands</Slot>
    <Stats>
      <ExpertiseRating>15</ExpertiseRating>
    </Stats>
  </Enchant>
  <Enchant>
    <Id>3222</Id>
    <Name>Greater Agility</Name>
    <Slot>OneHand</Slot>
    <Stats>
      <Agility>20</Agility>
    </Stats>
  </Enchant>
  <Enchant>
    <Id>1103</Id>
    <Name>Exceptional Agility</Name>
    <Slot>OneHand</Slot>
    <Stats>
      <Agility>26</Agility>
    </Stats>
  </Enchant>
  <Enchant>
    <Id>2668</Id>
    <Name>Potency</Name>
    <Slot>OneHand</Slot>
    <Stats>
      <Strength>20</Strength>
    </Stats>
  </Enchant>
  <Enchant>
    <Id>1606</Id>
    <Name>Greater Potency</Name>
    <Slot>OneHand</Slot>
    <Stats>
      <AttackPower>50</AttackPower>
    </Stats>
  </Enchant>
  <Enchant>
    <Id>3833</Id>
    <Name>Superior Potency</Name>
    <Slot>OneHand</Slot>
    <Stats>
      <AttackPower>65</AttackPower>
    </Stats>
  </Enchant>
  <Enchant>
    <Id>3731</Id>
    <Name>Titanium Weapon Chain</Name>
    <Slot>OneHand</Slot>
    <Stats>
      <HitRating>28</HitRating>
    </Stats>
  </Enchant>
  <Enchant>
    <Id>3223</Id>
    <Name>Adamantite Weapon Chain</Name>
    <Slot>OneHand</Slot>
    <Stats>
      <ParryRating>15</ParryRating>
    </Stats>
  </Enchant>
  <Enchant>
    <Id>2722</Id>
    <Name>Adamantite Scope</Name>
    <Slot>Ranged</Slot>
    <Stats>
      <ScopeDamage>10</ScopeDamage>
    </Stats>
  </Enchant>
  <Enchant>
    <Id>2723</Id>
    <Name>Khorium Scope</Name>
    <Slot>Ranged</Slot>
    <Stats>
      <ScopeDamage>12</ScopeDamage>
    </Stats>
  </Enchant>
  <Enchant>
    <Id>3843</Id>
    <Name>Diamond-cut Refractor Scope</Name>
    <Slot>Ranged</Slot>
    <Stats>
      <ScopeDamage>15</ScopeDamage>
    </Stats>
  </Enchant>
  <Enchant>
    <Id>3608</Id>
    <Name>Heartseeker Scope</Name>
    <Slot>Ranged</Slot>
    <Stats>
      <RangedCritRating>40</RangedCritRating>
    </Stats>
  </Enchant>
  <Enchant>
    <Id>2724</Id>
    <Name>Stabilized Eternium Scope</Name>
    <Slot>Ranged</Slot>
    <Stats>
      <RangedCritRating>28</RangedCritRating>
    </Stats>
  </Enchant>
  <Enchant>
    <Id>3607</Id>
    <Name>Sun Scope</Name>
    <Slot>Ranged</Slot>
    <Stats>
      <RangedHasteRating>40</RangedHasteRating>
    </Stats>
  </Enchant>
  <Enchant>
    <Id>2621</Id>
    <Name>Subtlety</Name>
    <Slot>Back</Slot>
    <Stats>
      <ThreatReductionMultiplier>0.02</ThreatReductionMultiplier>
    </Stats>
  </Enchant>
  <Enchant>
    <Id>3296</Id>
    <Name>Wisdom</Name>
    <Slot>Back</Slot>
    <Stats>
      <Spirit>10</Spirit>
      <ThreatReductionMultiplier>0.02</ThreatReductionMultiplier>
    </Stats>
  </Enchant>
  <Enchant>
    <Id>2613</Id>
    <Name>Threat</Name>
    <Slot>Hands</Slot>
    <Stats>
      <ThreatIncreaseMultiplier>0.02</ThreatIncreaseMultiplier>
    </Stats>
  </Enchant>
  <Enchant>
    <Id>3253</Id>
    <Name>Armsman</Name>
    <Slot>Hands</Slot>
    <Stats>
      <ParryRating>10</ParryRating>
      <ThreatIncreaseMultiplier>0.02</ThreatIncreaseMultiplier>
    </Stats>
  </Enchant>
  <Enchant>
    <Id>2650</Id>
    <Name>Spellpower</Name>
    <Slot>Wrist</Slot>
    <Stats>
      <SpellPower>15</SpellPower>
    </Stats>
  </Enchant>
  <Enchant>
    <Id>2332</Id>
    <Name>Superior Spellpower</Name>
    <Slot>Wrist</Slot>
    <Stats>
      <SpellPower>30</SpellPower>
    </Stats>
  </Enchant>
  <Enchant>
    <Id>2326</Id>
    <Name>Greater Spellpower</Name>
    <Slot>Wrist</Slot>
    <Stats>
      <SpellPower>23</SpellPower>
    </Stats>
  </Enchant>
  <Enchant>
    <Id>2937</Id>
    <Name>Major Spellpower</Name>
    <Slot>Hands</Slot>
    <Stats>
      <SpellPower>20</SpellPower>
    </Stats>
  </Enchant>
  <Enchant>
    <Id>3246</Id>
    <Name>Exceptional Spellpower</Name>
    <Slot>Hands</Slot>
    <Stats>
      <SpellPower>28</SpellPower>
    </Stats>
  </Enchant>
  <Enchant>
    <Id>2935</Id>
    <Name>Precise Strikes</Name>
    <Slot>Hands</Slot>
    <Stats>
      <HitRating>15</HitRating>
    </Stats>
  </Enchant>
  <Enchant>
    <Id>3234</Id>
    <Name>Precision</Name>
    <Slot>Hands</Slot>
    <Stats>
      <HitRating>20</HitRating>
    </Stats>
  </Enchant>
  <Enchant>
    <Id>2928</Id>
    <Name>Spellpower</Name>
    <Slot>Finger</Slot>
    <Stats>
      <SpellPower>12</SpellPower>
    </Stats>
  </Enchant>
  <Enchant>
    <Id>3840</Id>
    <Name>Greater Spellpower</Name>
    <Slot>Finger</Slot>
    <Stats>
      <SpellPower>23</SpellPower>
    </Stats>
  </Enchant>
  <Enchant>
    <Id>2669</Id>
    <Name>Major Spellpower</Name>
    <Slot>OneHand</Slot>
    <Stats>
      <SpellPower>40</SpellPower>
    </Stats>
  </Enchant>
  <Enchant>
    <Id>3830</Id>
    <Name>Exceptional Spellpower</Name>
    <Slot>OneHand</Slot>
    <Stats>
      <SpellPower>50</SpellPower>
    </Stats>
  </Enchant>
  <Enchant>
    <Id>3834</Id>
    <Name>Mighty Spellpower</Name>
    <Slot>OneHand</Slot>
    <Stats>
      <SpellPower>63</SpellPower>
    </Stats>
  </Enchant>
  <Enchant>
    <Id>3788</Id>
    <Name>Accuracy</Name>
    <Slot>OneHand</Slot>
    <Stats>
      <CritRating>25</CritRating>
      <HitRating>25</HitRating>
    </Stats>
  </Enchant>
  <Enchant>
    <Id>2666</Id>
    <Name>Major Intellect</Name>
    <Slot>OneHand</Slot>
    <Stats>
      <Intellect>30</Intellect>
    </Stats>
  </Enchant>
  <Enchant>
    <Id>3844</Id>
    <Name>Exceptional Spirit</Name>
    <Slot>OneHand</Slot>
    <Stats>
      <Spirit>45</Spirit>
    </Stats>
  </Enchant>
  <Enchant>
    <Id>2679</Id>
    <Name>Restore Mana Prime</Name>
    <Slot>Wrist</Slot>
    <Stats>
      <Mp5>8</Mp5>
    </Stats>
  </Enchant>
  <Enchant>
    <Id>1147</Id>
    <Name>Major Spirit</Name>
    <Slot>Wrist</Slot>
    <Stats>
      <Spirit>18</Spirit>
    </Stats>
  </Enchant>
  <Enchant>
    <Id>3872</Id>
    <Name>Sanctified Spellthread</Name>
    <Slot>Legs</Slot>
    <Stats>
      <Spirit>20</Spirit>
      <SpellPower>50</SpellPower>
    </Stats>
  </Enchant>
  <Enchant>
    <Id>2748</Id>
    <Name>Runic Spellthread</Name>
    <Slot>Legs</Slot>
    <Stats>
      <Stamina>20</Stamina>
      <SpellPower>35</SpellPower>
    </Stats>
  </Enchant>
  <Enchant>
    <Id>2747</Id>
    <Name>Mystic Spellthread</Name>
    <Slot>Legs</Slot>
    <Stats>
      <Stamina>15</Stamina>
      <SpellPower>25</SpellPower>
    </Stats>
  </Enchant>
  <Enchant>
    <Id>3719</Id>
    <Name>Brilliant Spellthread</Name>
    <Slot>Legs</Slot>
    <Stats>
      <Spirit>20</Spirit>
      <SpellPower>50</SpellPower>
    </Stats>
  </Enchant>
  <Enchant>
    <Id>3721</Id>
    <Name>Sapphire Spellthread</Name>
    <Slot>Legs</Slot>
    <Stats>
      <Stamina>30</Stamina>
      <SpellPower>50</SpellPower>
    </Stats>
  </Enchant>
  <Enchant>
    <Id>3718</Id>
    <Name>Shining Spellthread</Name>
    <Slot>Legs</Slot>
    <Stats>
      <Spirit>12</Spirit>
      <SpellPower>35</SpellPower>
    </Stats>
  </Enchant>
  <Enchant>
    <Id>3720</Id>
    <Name>Azure Spellthread</Name>
    <Slot>Legs</Slot>
    <Stats>
      <Stamina>20</Stamina>
      <SpellPower>35</SpellPower>
    </Stats>
  </Enchant>
  <Enchant>
    <Id>2982</Id>
    <Name>Greater Inscription of Discipline</Name>
    <Slot>Shoulders</Slot>
    <Stats>
      <SpellPower>18</SpellPower>
      <CritRating>10</CritRating>
    </Stats>
  </Enchant>
  <Enchant>
    <Id>2995</Id>
    <Name>Greater Inscription of the Orb</Name>
    <Slot>Shoulders</Slot>
    <Stats>
      <SpellPower>12</SpellPower>
      <CritRating>15</CritRating>
    </Stats>
  </Enchant>
  <Enchant>
    <Id>2981</Id>
    <Name>Inscription of Discipline</Name>
    <Slot>Shoulders</Slot>
    <Stats>
      <SpellPower>15</SpellPower>
    </Stats>
  </Enchant>
  <Enchant>
    <Id>2994</Id>
    <Name>Inscription of the Orb</Name>
    <Slot>Shoulders</Slot>
    <Stats>
      <CritRating>13</CritRating>
    </Stats>
  </Enchant>
  <Enchant>
    <Id>3002</Id>
    <Name>Arcanum of Power</Name>
    <Slot>Head</Slot>
    <Stats>
      <SpellPower>22</SpellPower>
      <HitRating>14</HitRating>
    </Stats>
  </Enchant>
  <Enchant>
    <Id>3820</Id>
    <Name>Arcanum of Burning Mysteries</Name>
    <Slot>Head</Slot>
    <Stats>
      <SpellPower>30</SpellPower>
      <CritRating>20</CritRating>
    </Stats>
  </Enchant>
  <Enchant>
    <Id>3797</Id>
    <Name>Arcanum of Dominance</Name>
    <Slot>Head</Slot>
    <Stats>
      <SpellPower>29</SpellPower>
      <Resilience>20</Resilience>
    </Stats>
  </Enchant>
  <Enchant>
    <Id>2671</Id>
    <Name>Sunfire</Name>
    <Slot>OneHand</Slot>
    <Stats>
      <SpellFireDamageRating>50</SpellFireDamageRating>
      <SpellArcaneDamageRating>50</SpellArcaneDamageRating>
    </Stats>
  </Enchant>
  <Enchant>
    <Id>2672</Id>
    <Name>Soulfrost</Name>
    <Slot>OneHand</Slot>
    <Stats>
      <SpellShadowDamageRating>54</SpellShadowDamageRating>
      <SpellFrostDamageRating>54</SpellFrostDamageRating>
    </Stats>
  </Enchant>
  <Enchant>
    <Id>2938</Id>
    <Name>Spell Penetration</Name>
    <Slot>Back</Slot>
    <Stats>
      <SpellPenetration>20</SpellPenetration>
    </Stats>
  </Enchant>
  <Enchant>
    <Id>3243</Id>
    <Name>Spell Piercing</Name>
    <Slot>Back</Slot>
    <Stats>
      <SpellPenetration>35</SpellPenetration>
    </Stats>
  </Enchant>
  <Enchant>
    <Id>3244</Id>
    <Name>Greater Vitality</Name>
    <Slot>Feet</Slot>
    <Stats>
      <Mp5>7</Mp5>
      <Hp5>7</Hp5>
    </Stats>
  </Enchant>
  <Enchant>
    <Id>2656</Id>
    <Name>Vitality</Name>
    <Slot>Feet</Slot>
    <Stats>
      <Mp5>5</Mp5>
      <Hp5>5</Hp5>
    </Stats>
  </Enchant>
  <Enchant>
    <Id>369</Id>
    <Name>Major Intellect</Name>
    <Slot>Wrist</Slot>
    <Stats>
      <Intellect>12</Intellect>
    </Stats>
  </Enchant>
  <Enchant>
    <Id>1119</Id>
    <Name>Exceptional Intellect</Name>
    <Slot>Wrist</Slot>
    <Stats>
      <Intellect>16</Intellect>
    </Stats>
  </Enchant>
  <Enchant>
    <Id>1144</Id>
    <Name>Major Spirit</Name>
    <Slot>Chest</Slot>
    <Stats>
      <Spirit>15</Spirit>
    </Stats>
  </Enchant>
  <Enchant>
    <Id>851</Id>
    <Name>Spirit</Name>
    <Slot>Feet</Slot>
    <Stats>
      <Spirit>5</Spirit>
    </Stats>
  </Enchant>
  <Enchant>
    <Id>1147</Id>
    <Name>Greater Spirit</Name>
    <Slot>Feet</Slot>
    <Stats>
      <Spirit>18</Spirit>
    </Stats>
  </Enchant>
  <Enchant>
    <Id>3001</Id>
    <Name>Arcanum of Renewal</Name>
    <Slot>Head</Slot>
    <Stats>
      <SpellPower>19</SpellPower>
      <Mp5>9</Mp5>
    </Stats>
  </Enchant>
  <Enchant>
    <Id>3819</Id>
    <Name>Arcanum of Blissful Mending</Name>
    <Slot>Head</Slot>
    <Stats>
      <SpellPower>30</SpellPower>
      <Mp5>10</Mp5>
    </Stats>
  </Enchant>
  <Enchant>
    <Id>3150</Id>
    <Name>Restore Mana Prime</Name>
    <Slot>Chest</Slot>
    <Stats>
      <Mp5>7</Mp5>
    </Stats>
  </Enchant>
  <Enchant>
    <Id>2381</Id>
    <Name>Greater Mana Restoration</Name>
    <Slot>Chest</Slot>
    <Stats>
      <Mp5>10</Mp5>
    </Stats>
  </Enchant>
  <Enchant>
    <Id>3233</Id>
    <Name>Exceptional Mana</Name>
    <Slot>Chest</Slot>
    <Stats>
      <Mana>250</Mana>
    </Stats>
  </Enchant>
  <Enchant>
    <Id>2980</Id>
    <Name>Greater Inscription of Faith</Name>
    <Slot>Shoulders</Slot>
    <Stats>
      <SpellPower>18</SpellPower>
      <Mp5>5</Mp5>
    </Stats>
  </Enchant>
  <Enchant>
    <Id>2993</Id>
    <Name>Greater Inscription of the Oracle</Name>
    <Slot>Shoulders</Slot>
    <Stats>
      <SpellPower>12</SpellPower>
      <Mp5>8</Mp5>
    </Stats>
  </Enchant>
  <Enchant>
    <Id>2979</Id>
    <Name>Inscription of Faith</Name>
    <Slot>Shoulders</Slot>
    <Stats>
      <SpellPower>15</SpellPower>
    </Stats>
  </Enchant>
  <Enchant>
    <Id>2992</Id>
    <Name>Inscription of the Oracle</Name>
    <Slot>Shoulders</Slot>
    <Stats>
      <Mp5>6</Mp5>
    </Stats>
  </Enchant>
  <Enchant>
    <Id>2604</Id>
    <Name>Zandalar Signet of Serenity</Name>
    <Slot>Shoulders</Slot>
    <Stats>
      <SpellPower>18</SpellPower>
    </Stats>
  </Enchant>
  <Enchant>
    <Id>2322</Id>
    <Name>Major Healing</Name>
    <Slot>Hands</Slot>
    <Stats>
      <SpellPower>19</SpellPower>
    </Stats>
  </Enchant>
  <Enchant>
    <Id>2934</Id>
    <Name>Blasting</Name>
    <Slot>Hands</Slot>
    <Stats>
      <CritRating>10</CritRating>
    </Stats>
  </Enchant>
  <Enchant>
    <Id>3249</Id>
    <Name>Greater Blasting</Name>
    <Slot>Hands</Slot>
    <Stats>
      <CritRating>16</CritRating>
    </Stats>
  </Enchant>
  <Enchant>
    <Id>2746</Id>
    <Name>Golden Spellthread</Name>
    <Slot>Legs</Slot>
    <Stats>
      <Stamina>20</Stamina>
      <SpellPower>35</SpellPower>
    </Stats>
  </Enchant>
  <Enchant>
    <Id>2745</Id>
    <Name>Silver Spellthread</Name>
    <Slot>Legs</Slot>
    <Stats>
      <Stamina>15</Stamina>
      <SpellPower>25</SpellPower>
    </Stats>
  </Enchant>
  <Enchant>
    <Id>2794</Id>
    <Name>Magister's Armor Kit</Name>
    <Slot>Chest</Slot>
    <Stats>
      <Mp5>4</Mp5>
    </Stats>
  </Enchant>
  <Enchant>
    <Id>2794</Id>
    <Name>Magister's Armor Kit</Name>
    <Slot>Feet</Slot>
    <Stats>
      <Mp5>4</Mp5>
    </Stats>
  </Enchant>
  <Enchant>
    <Id>2794</Id>
    <Name>Magister's Armor Kit</Name>
    <Slot>Legs</Slot>
    <Stats>
      <Mp5>4</Mp5>
    </Stats>
  </Enchant>
  <Enchant>
    <Id>2794</Id>
    <Name>Magister's Armor Kit</Name>
    <Slot>Hands</Slot>
    <Stats>
      <Mp5>4</Mp5>
    </Stats>
  </Enchant>
  <Enchant>
    <Id>2930</Id>
    <Name>Healing Power</Name>
    <Slot>Finger</Slot>
    <Stats>
      <SpellPower>12</SpellPower>
    </Stats>
  </Enchant>
  <Enchant>
    <Id>2343</Id>
    <Name>Major Healing</Name>
    <Slot>OneHand</Slot>
    <Stats>
      <SpellPower>40</SpellPower>
    </Stats>
  </Enchant>
  <Enchant>
    <Id>2654</Id>
    <Name>Intellect</Name>
    <Slot>OffHand</Slot>
    <Stats>
      <Intellect>12</Intellect>
    </Stats>
  </Enchant>
  <Enchant>
    <Id>1128</Id>
    <Name>Greater Intellect</Name>
    <Slot>OffHand</Slot>
    <Stats>
      <Intellect>25</Intellect>
    </Stats>
  </Enchant>
  <Enchant>
    <Id>2617</Id>
    <Name>Superior Healing</Name>
    <Slot>Wrist</Slot>
    <Stats>
      <SpellPower>15</SpellPower>
    </Stats>
  </Enchant>
  <Enchant>
    <Id>2648</Id>
    <Name>Steelweave</Name>
    <Slot>Back</Slot>
    <Stats>
      <DefenseRating>12</DefenseRating>
    </Stats>
  </Enchant>
  <Enchant>
    <Id>1951</Id>
    <Name>Titanweave</Name>
    <Slot>Back</Slot>
    <Stats>
      <DefenseRating>16</DefenseRating>
    </Stats>
  </Enchant>
  <Enchant>
    <Id>3004</Id>
    <Name>Arcanum of the Gladiator</Name>
    <Slot>Head</Slot>
    <Stats>
      <Stamina>18</Stamina>
      <Resilience>20</Resilience>
    </Stats>
  </Enchant>
  <Enchant>
    <Id>3842</Id>
    <Name>Arcanum of the Savage Gladiator</Name>
    <Slot>Head</Slot>
    <Stats>
      <Stamina>30</Stamina>
      <Resilience>25</Resilience>
    </Stats>
  </Enchant>
  <Enchant>
    <Id>3795</Id>
    <Name>Arcanum of Triumph</Name>
    <Slot>Head</Slot>
    <Stats>
      <AttackPower>50</AttackPower>
      <Resilience>20</Resilience>
    </Stats>
  </Enchant>
  <Enchant>
    <Id>3793</Id>
    <Name>Inscription of Triumph</Name>
    <Slot>Shoulders</Slot>
    <Stats>
      <AttackPower>40</AttackPower>
      <Resilience>15</Resilience>
    </Stats>
  </Enchant>
  <Enchant>
    <Id>3794</Id>
    <Name>Inscription of Dominance</Name>
    <Slot>Shoulders</Slot>
    <Stats>
      <SpellPower>23</SpellPower>
      <Resilience>15</Resilience>
    </Stats>
  </Enchant>
  <Enchant>
    <Id>3869</Id>
    <Name>Blade Ward</Name>
    <Slot>OneHand</Slot>
    <Stats>
      <SpecialEffects>
        <SpecialEffect>
          <Trigger>MeleeHit</Trigger>
          <Stats>
            <ParryRating>200</ParryRating>
          </Stats>
          <Duration>10</Duration>
          <Cooldown>0</Cooldown>
          <Chance>-1</Chance>
          <MaxStack>1</MaxStack>
        </SpecialEffect>
      </SpecialEffects>
      <SpecialEffectCount>1</SpecialEffectCount>
    </Stats>
  </Enchant>
  <Enchant>
    <Id>3789</Id>
    <Name>Berserking</Name>
    <Slot>OneHand</Slot>
    <Stats>
      <SpecialEffects>
        <SpecialEffect>
          <Trigger>MeleeHit</Trigger>
          <Stats>
            <AttackPower>400</AttackPower>
            <BonusArmorMultiplier>-0.05</BonusArmorMultiplier>
          </Stats>
          <Duration>15</Duration>
          <Cooldown>0</Cooldown>
          <Chance>-1</Chance>
          <MaxStack>1</MaxStack>
        </SpecialEffect>
      </SpecialEffects>
      <SpecialEffectCount>1</SpecialEffectCount>
    </Stats>
  </Enchant>
  <Enchant>
    <Id>3790</Id>
    <Name>Black Magic</Name>
    <Slot>OneHand</Slot>
    <Stats>
      <SpecialEffects>
        <SpecialEffect>
          <Trigger>DamageSpellHit</Trigger>
          <Stats>
            <HasteRating>250</HasteRating>
          </Stats>
          <Duration>10</Duration>
          <Cooldown>35</Cooldown>
          <Chance>0.35</Chance>
          <MaxStack>1</MaxStack>
        </SpecialEffect>
        <SpecialEffect>
          <Trigger>MangleCatOrShredOrInfectedWoundsHit</Trigger>
          <Stats>
            <HasteRating>250</HasteRating>
          </Stats>
          <Duration>10</Duration>
          <Cooldown>35</Cooldown>
          <Chance>0.35</Chance>
          <MaxStack>1</MaxStack>
        </SpecialEffect>
      </SpecialEffects>
      <SpecialEffectCount>2</SpecialEffectCount>
    </Stats>
  </Enchant>
  <Enchant>
    <Id>3225</Id>
    <Name>Executioner</Name>
    <Slot>OneHand</Slot>
    <Stats>
      <SpecialEffects>
        <SpecialEffect>
          <Trigger>MeleeHit</Trigger>
          <Stats>
            <ArmorPenetrationRating>120</ArmorPenetrationRating>
          </Stats>
          <Duration>15</Duration>
          <Cooldown>0</Cooldown>
          <Chance>-1</Chance>
          <MaxStack>1</MaxStack>
        </SpecialEffect>
      </SpecialEffects>
      <SpecialEffectCount>1</SpecialEffectCount>
    </Stats>
  </Enchant>
  <Enchant>
    <Id>2673</Id>
    <Name>Mongoose</Name>
    <Slot>OneHand</Slot>
    <Stats>
      <SpecialEffects>
        <SpecialEffect>
          <Trigger>MeleeHit</Trigger>
          <Stats>
            <Agility>120</Agility>
            <HasteRating>30</HasteRating>
          </Stats>
          <Duration>15</Duration>
          <Cooldown>0</Cooldown>
          <Chance>-1</Chance>
          <MaxStack>1</MaxStack>
        </SpecialEffect>
      </SpecialEffects>
      <SpecialEffectCount>1</SpecialEffectCount>
    </Stats>
  </Enchant>
  <Enchant>
    <Id>3870</Id>
    <Name>Blood Draining</Name>
    <Slot>OneHand</Slot>
    <Stats>
      <SpecialEffects>
        <SpecialEffect>
          <Trigger>DamageTaken</Trigger>
          <Stats>
            <SpecialEffects>
              <SpecialEffect>
                <Trigger>MeleeHit</Trigger>
                <Stats>
                  <HealthRestore>400</HealthRestore>
                </Stats>
                <Duration>20</Duration>
                <Cooldown>0</Cooldown>
                <Chance>1</Chance>
                <MaxStack>5</MaxStack>
              </SpecialEffect>
            </SpecialEffects>
            <SpecialEffectCount>1</SpecialEffectCount>
          </Stats>
          <Duration>0</Duration>
          <Cooldown>0</Cooldown>
          <Chance>0.35</Chance>
          <MaxStack>1</MaxStack>
        </SpecialEffect>
      </SpecialEffects>
      <SpecialEffectCount>1</SpecialEffectCount>
    </Stats>
  </Enchant>
  <Enchant>
    <Id>3239</Id>
    <Name>Icebreaker</Name>
    <Slot>OneHand</Slot>
    <Stats>
      <SpecialEffects>
        <SpecialEffect>
          <Trigger>MeleeHit</Trigger>
          <Stats>
            <FireDamage>200</FireDamage>
          </Stats>
          <Duration>0</Duration>
          <Cooldown>0</Cooldown>
          <Chance>-3</Chance>
          <MaxStack>1</MaxStack>
        </SpecialEffect>
      </SpecialEffects>
      <SpecialEffectCount>1</SpecialEffectCount>
    </Stats>
  </Enchant>
  <Enchant>
    <Id>2984</Id>
    <Name>Shadow Armor Kit</Name>
    <Slot>Hands</Slot>
    <Stats>
      <ShadowResistance>8</ShadowResistance>
    </Stats>
  </Enchant>
  <Enchant>
    <Id>2984</Id>
    <Name>Shadow Armor Kit</Name>
    <Slot>Feet</Slot>
    <Stats>
      <ShadowResistance>8</ShadowResistance>
    </Stats>
  </Enchant>
  <Enchant>
    <Id>2984</Id>
    <Name>Shadow Armor Kit</Name>
    <Slot>Chest</Slot>
    <Stats>
      <ShadowResistance>8</ShadowResistance>
    </Stats>
  </Enchant>
  <Enchant>
    <Id>2984</Id>
    <Name>Shadow Armor Kit</Name>
    <Slot>Legs</Slot>
    <Stats>
      <ShadowResistance>8</ShadowResistance>
    </Stats>
  </Enchant>
  <Enchant>
    <Id>2985</Id>
    <Name>Flame Armor Kit</Name>
    <Slot>Hands</Slot>
    <Stats>
      <FireResistance>8</FireResistance>
    </Stats>
  </Enchant>
  <Enchant>
    <Id>2985</Id>
    <Name>Flame Armor Kit</Name>
    <Slot>Feet</Slot>
    <Stats>
      <FireResistance>8</FireResistance>
    </Stats>
  </Enchant>
  <Enchant>
    <Id>2985</Id>
    <Name>Flame Armor Kit</Name>
    <Slot>Chest</Slot>
    <Stats>
      <FireResistance>8</FireResistance>
    </Stats>
  </Enchant>
  <Enchant>
    <Id>2985</Id>
    <Name>Flame Armor Kit</Name>
    <Slot>Legs</Slot>
    <Stats>
      <FireResistance>8</FireResistance>
    </Stats>
  </Enchant>
  <Enchant>
    <Id>2987</Id>
    <Name>Frost Armor Kit</Name>
    <Slot>Hands</Slot>
    <Stats>
      <FrostResistance>8</FrostResistance>
    </Stats>
  </Enchant>
  <Enchant>
    <Id>2987</Id>
    <Name>Frost Armor Kit</Name>
    <Slot>Feet</Slot>
    <Stats>
      <FrostResistance>8</FrostResistance>
    </Stats>
  </Enchant>
  <Enchant>
    <Id>2987</Id>
    <Name>Frost Armor Kit</Name>
    <Slot>Chest</Slot>
    <Stats>
      <FrostResistance>8</FrostResistance>
    </Stats>
  </Enchant>
  <Enchant>
    <Id>2987</Id>
    <Name>Frost Armor Kit</Name>
    <Slot>Legs</Slot>
    <Stats>
      <FrostResistance>8</FrostResistance>
    </Stats>
  </Enchant>
  <Enchant>
    <Id>2988</Id>
    <Name>Nature Armor Kit</Name>
    <Slot>Hands</Slot>
    <Stats>
      <NatureResistance>8</NatureResistance>
    </Stats>
  </Enchant>
  <Enchant>
    <Id>2988</Id>
    <Name>Nature Armor Kit</Name>
    <Slot>Feet</Slot>
    <Stats>
      <NatureResistance>8</NatureResistance>
    </Stats>
  </Enchant>
  <Enchant>
    <Id>2988</Id>
    <Name>Nature Armor Kit</Name>
    <Slot>Chest</Slot>
    <Stats>
      <NatureResistance>8</NatureResistance>
    </Stats>
  </Enchant>
  <Enchant>
    <Id>2988</Id>
    <Name>Nature Armor Kit</Name>
    <Slot>Legs</Slot>
    <Stats>
      <NatureResistance>8</NatureResistance>
    </Stats>
  </Enchant>
  <Enchant>
    <Id>2989</Id>
    <Name>Arcane Armor Kit</Name>
    <Slot>Hands</Slot>
    <Stats>
      <ArcaneResistance>8</ArcaneResistance>
    </Stats>
  </Enchant>
  <Enchant>
    <Id>2989</Id>
    <Name>Arcane Armor Kit</Name>
    <Slot>Feet</Slot>
    <Stats>
      <ArcaneResistance>8</ArcaneResistance>
    </Stats>
  </Enchant>
  <Enchant>
    <Id>2989</Id>
    <Name>Arcane Armor Kit</Name>
    <Slot>Chest</Slot>
    <Stats>
      <ArcaneResistance>8</ArcaneResistance>
    </Stats>
  </Enchant>
  <Enchant>
    <Id>2989</Id>
    <Name>Arcane Armor Kit</Name>
    <Slot>Legs</Slot>
    <Stats>
      <ArcaneResistance>8</ArcaneResistance>
    </Stats>
  </Enchant>
  <Enchant>
    <Id>3005</Id>
    <Name>Arcanum of Nature Warding</Name>
    <Slot>Head</Slot>
    <Stats>
      <NatureResistance>20</NatureResistance>
    </Stats>
  </Enchant>
  <Enchant>
    <Id>3813</Id>
    <Name>Arcanum of Toxic Warding</Name>
    <Slot>Head</Slot>
    <Stats>
      <Stamina>30</Stamina>
      <NatureResistance>25</NatureResistance>
    </Stats>
  </Enchant>
  <Enchant>
    <Id>3006</Id>
    <Name>Arcanum of Arcane Warding</Name>
    <Slot>Head</Slot>
    <Stats>
      <ArcaneResistance>20</ArcaneResistance>
    </Stats>
  </Enchant>
  <Enchant>
    <Id>3815</Id>
    <Name>Arcanum of the Eclipsed Moon</Name>
    <Slot>Head</Slot>
    <Stats>
      <Stamina>30</Stamina>
      <ArcaneResistance>25</ArcaneResistance>
    </Stats>
  </Enchant>
  <Enchant>
    <Id>3007</Id>
    <Name>Arcanum of Fire Warding</Name>
    <Slot>Head</Slot>
    <Stats>
      <FireResistance>20</FireResistance>
    </Stats>
  </Enchant>
  <Enchant>
    <Id>3816</Id>
    <Name>Arcanum of the Flame's Soul</Name>
    <Slot>Head</Slot>
    <Stats>
      <Stamina>30</Stamina>
      <FireResistance>25</FireResistance>
    </Stats>
  </Enchant>
  <Enchant>
    <Id>3008</Id>
    <Name>Arcanum of Frost Warding</Name>
    <Slot>Head</Slot>
    <Stats>
      <FrostResistance>20</FrostResistance>
    </Stats>
  </Enchant>
  <Enchant>
    <Id>3812</Id>
    <Name>Arcanum of the Frosty Soul</Name>
    <Slot>Head</Slot>
    <Stats>
      <Stamina>30</Stamina>
      <FrostResistance>25</FrostResistance>
    </Stats>
  </Enchant>
  <Enchant>
    <Id>3009</Id>
    <Name>Arcanum of Shadow Warding</Name>
    <Slot>Head</Slot>
    <Stats>
      <ShadowResistance>20</ShadowResistance>
    </Stats>
  </Enchant>
  <Enchant>
    <Id>3814</Id>
    <Name>Arcanum of the Fleeing Shadow</Name>
    <Slot>Head</Slot>
    <Stats>
      <Stamina>30</Stamina>
      <ShadowResistance>25</ShadowResistance>
    </Stats>
  </Enchant>
  <Enchant>
    <Id>2998</Id>
    <Name>Inscription of Endurance</Name>
    <Slot>Shoulders</Slot>
    <Stats>
      <FrostResistance>4</FrostResistance>
      <NatureResistance>4</NatureResistance>
      <FireResistance>4</FireResistance>
      <ShadowResistance>4</ShadowResistance>
      <ArcaneResistance>4</ArcaneResistance>
    </Stats>
  </Enchant>
  <Enchant>
    <Id>2664</Id>
    <Name>Major Resistance</Name>
    <Slot>Back</Slot>
    <Stats>
      <FrostResistance>7</FrostResistance>
      <NatureResistance>7</NatureResistance>
      <FireResistance>7</FireResistance>
      <ShadowResistance>7</ShadowResistance>
      <ArcaneResistance>7</ArcaneResistance>
    </Stats>
  </Enchant>
  <Enchant>
    <Id>2619</Id>
    <Name>Greater Fire Resistance</Name>
    <Slot>Back</Slot>
    <Stats>
      <FireResistance>15</FireResistance>
    </Stats>
  </Enchant>
  <Enchant>
    <Id>1262</Id>
    <Name>Superior Arcane Resistance</Name>
    <Slot>Back</Slot>
    <Stats>
      <ArcaneResistance>20</ArcaneResistance>
    </Stats>
  </Enchant>
  <Enchant>
    <Id>1446</Id>
    <Name>Superior Shadow Resistance</Name>
    <Slot>Back</Slot>
    <Stats>
      <ShadowResistance>20</ShadowResistance>
    </Stats>
  </Enchant>
  <Enchant>
    <Id>1354</Id>
    <Name>Superior Fire Resistance</Name>
    <Slot>Back</Slot>
    <Stats>
      <FireResistance>20</FireResistance>
    </Stats>
  </Enchant>
  <Enchant>
    <Id>3230</Id>
    <Name>Superior Frost Resistance</Name>
    <Slot>Back</Slot>
    <Stats>
      <FrostResistance>20</FrostResistance>
    </Stats>
  </Enchant>
  <Enchant>
    <Id>1400</Id>
    <Name>Superior Nature Resistance</Name>
    <Slot>Back</Slot>
    <Stats>
      <NatureResistance>20</NatureResistance>
    </Stats>
  </Enchant>
  <Enchant>
    <Id>1505</Id>
    <Name>Lesser Arcanum of Resilience</Name>
    <Slot>Head</Slot>
    <Stats>
      <FireResistance>20</FireResistance>
    </Stats>
  </Enchant>
  <Enchant>
    <Id>1505</Id>
    <Name>Lesser Arcanum of Resilience</Name>
    <Slot>Legs</Slot>
    <Stats>
      <FireResistance>20</FireResistance>
    </Stats>
  </Enchant>
  <Enchant>
    <Id>1071</Id>
    <Name>Major Stamina</Name>
    <Slot>OffHand</Slot>
    <Stats>
      <Stamina>18</Stamina>
    </Stats>
  </Enchant>
  <Enchant>
    <Id>2655</Id>
    <Name>Shield Block</Name>
    <Slot>OffHand</Slot>
    <Stats>
      <BlockRating>15</BlockRating>
    </Stats>
  </Enchant>
  <Enchant>
    <Id>2653</Id>
    <Name>Tough Shield</Name>
    <Slot>OffHand</Slot>
    <Stats>
      <BlockValue>36</BlockValue>
    </Stats>
  </Enchant>
  <Enchant>
    <Id>1952</Id>
    <Name>Defense</Name>
    <Slot>OffHand</Slot>
    <Stats>
      <DefenseRating>20</DefenseRating>
    </Stats>
  </Enchant>
  <Enchant>
    <Id>3229</Id>
    <Name>Resilience</Name>
    <Slot>OffHand</Slot>
    <Stats>
      <Resilience>12</Resilience>
    </Stats>
  </Enchant>
  <Enchant>
    <Id>2523</Id>
    <Name>Biznicks 247x128 Accurascope</Name>
    <Slot>Ranged</Slot>
    <Stats>
      <RangedHitRating>30</RangedHitRating>
    </Stats>
  </Enchant>
  <Enchant>
    <Id>2721</Id>
    <Name>Power of the Scourge</Name>
    <Slot>Shoulders</Slot>
    <Stats>
      <SpellPower>15</SpellPower>
      <CritRating>14</CritRating>
    </Stats>
  </Enchant>
  <Enchant>
    <Id>2715</Id>
    <Name>Resilience of the Scourge</Name>
    <Slot>Shoulders</Slot>
    <Stats>
      <SpellPower>16</SpellPower>
      <Mp5>5</Mp5>
    </Stats>
  </Enchant>
  <Enchant>
    <Id>3808</Id>
    <Name>Greater Inscription of the Axe</Name>
    <Slot>Shoulders</Slot>
    <Stats>
      <AttackPower>40</AttackPower>
      <CritRating>15</CritRating>
    </Stats>
  </Enchant>
  <Enchant>
    <Id>3875</Id>
    <Name>Lesser Inscription of the Axe</Name>
    <Slot>Shoulders</Slot>
    <Stats>
      <AttackPower>30</AttackPower>
      <CritRating>10</CritRating>
    </Stats>
  </Enchant>
  <Enchant>
    <Id>3809</Id>
    <Name>Greater Inscription of the Crag</Name>
    <Slot>Shoulders</Slot>
    <Stats>
      <SpellPower>24</SpellPower>
      <Mp5>8</Mp5>
    </Stats>
  </Enchant>
  <Enchant>
    <Id>3807</Id>
    <Name>Lesser Inscription of the Crag</Name>
    <Slot>Shoulders</Slot>
    <Stats>
      <SpellPower>18</SpellPower>
      <Mp5>5</Mp5>
    </Stats>
  </Enchant>
  <Enchant>
    <Id>3811</Id>
    <Name>Greater Inscription of the Pinnacle</Name>
    <Slot>Shoulders</Slot>
    <Stats>
      <DodgeRating>20</DodgeRating>
      <DefenseRating>15</DefenseRating>
    </Stats>
  </Enchant>
  <Enchant>
    <Id>3876</Id>
    <Name>Lesser Inscription of the Pinnacle</Name>
    <Slot>Shoulders</Slot>
    <Stats>
      <DodgeRating>15</DodgeRating>
      <DefenseRating>10</DefenseRating>
    </Stats>
  </Enchant>
  <Enchant>
    <Id>3810</Id>
    <Name>Greater Inscription of the Storm</Name>
    <Slot>Shoulders</Slot>
    <Stats>
      <SpellPower>24</SpellPower>
      <CritRating>15</CritRating>
    </Stats>
  </Enchant>
  <Enchant>
    <Id>3806</Id>
    <Name>Lesser Inscription of the Storm</Name>
    <Slot>Shoulders</Slot>
    <Stats>
      <SpellPower>18</SpellPower>
      <CritRating>10</CritRating>
    </Stats>
  </Enchant>
  <Enchant>
    <Id>3835</Id>
    <Name>Master's Inscription of the Axe</Name>
    <Slot>Shoulders</Slot>
    <Stats>
      <AttackPower>120</AttackPower>
      <CritRating>15</CritRating>
    </Stats>
  </Enchant>
  <Enchant>
    <Id>3836</Id>
    <Name>Master's Inscription of the Crag</Name>
    <Slot>Shoulders</Slot>
    <Stats>
      <SpellPower>70</SpellPower>
      <Mp5>6</Mp5>
    </Stats>
  </Enchant>
  <Enchant>
    <Id>3837</Id>
    <Name>Master's Inscription of the Pinnacle</Name>
    <Slot>Shoulders</Slot>
    <Stats>
      <DodgeRating>60</DodgeRating>
      <DefenseRating>15</DefenseRating>
    </Stats>
  </Enchant>
  <Enchant>
    <Id>3838</Id>
    <Name>Master's Inscription of the Storm</Name>
    <Slot>Shoulders</Slot>
    <Stats>
      <SpellPower>70</SpellPower>
      <CritRating>15</CritRating>
    </Stats>
  </Enchant>
  <Enchant>
    <Id>3756</Id>
    <Name>Fur Lining - Attack Power</Name>
    <Slot>Wrist</Slot>
    <Stats>
      <AttackPower>130</AttackPower>
    </Stats>
  </Enchant>
  <Enchant>
    <Id>3757</Id>
    <Name>Fur Lining - Stamina</Name>
    <Slot>Wrist</Slot>
    <Stats>
      <Stamina>102</Stamina>
    </Stats>
  </Enchant>
  <Enchant>
    <Id>3758</Id>
    <Name>Fur Lining - Spell Power</Name>
    <Slot>Wrist</Slot>
    <Stats>
      <SpellPower>76</SpellPower>
    </Stats>
  </Enchant>
  <Enchant>
    <Id>3759</Id>
    <Name>Fur Lining - Fire Resist</Name>
    <Slot>Wrist</Slot>
    <Stats>
      <FireResistance>70</FireResistance>
    </Stats>
  </Enchant>
  <Enchant>
    <Id>3760</Id>
    <Name>Fur Lining - Frost Resist</Name>
    <Slot>Wrist</Slot>
    <Stats>
      <FrostResistance>70</FrostResistance>
    </Stats>
  </Enchant>
  <Enchant>
    <Id>3761</Id>
    <Name>Fur Lining - Shadow Resist</Name>
    <Slot>Wrist</Slot>
    <Stats>
      <ShadowResistance>70</ShadowResistance>
    </Stats>
  </Enchant>
  <Enchant>
    <Id>3762</Id>
    <Name>Fur Lining - Nature Resist</Name>
    <Slot>Wrist</Slot>
    <Stats>
      <NatureResistance>70</NatureResistance>
    </Stats>
  </Enchant>
  <Enchant>
    <Id>3763</Id>
    <Name>Fur Lining - Arcane Resist</Name>
    <Slot>Wrist</Slot>
    <Stats>
      <ArcaneResistance>70</ArcaneResistance>
    </Stats>
  </Enchant>
  <Enchant>
    <Id>3327</Id>
    <Name>Jormungar Leg Reinforcements</Name>
    <Slot>Legs</Slot>
    <Stats>
      <Agility>22</Agility>
      <Stamina>55</Stamina>
    </Stats>
  </Enchant>
  <Enchant>
    <Id>3328</Id>
    <Name>Nerubian Leg Reinforcements</Name>
    <Slot>Legs</Slot>
    <Stats>
      <AttackPower>75</AttackPower>
      <CritRating>22</CritRating>
    </Stats>
  </Enchant>
  <Enchant>
    <Id>3368</Id>
    <Name>Rune of the Fallen Crusader</Name>
    <Slot>OneHand</Slot>
    <Stats>
      <SpecialEffects>
        <SpecialEffect>
          <Trigger>DamageDone</Trigger>
          <Stats>
            <BonusStrengthMultiplier>0.15</BonusStrengthMultiplier>
          </Stats>
          <Duration>15</Duration>
          <Cooldown>0</Cooldown>
          <Chance>-2</Chance>
          <MaxStack>1</MaxStack>
        </SpecialEffect>
        <SpecialEffect>
          <Trigger>DamageDone</Trigger>
          <Stats>
            <HealthRestoreFromMaxHealth>0.03</HealthRestoreFromMaxHealth>
          </Stats>
          <Duration>0</Duration>
          <Cooldown>0</Cooldown>
          <Chance>-2</Chance>
          <MaxStack>1</MaxStack>
        </SpecialEffect>
      </SpecialEffects>
      <SpecialEffectCount>2</SpecialEffectCount>
    </Stats>
  </Enchant>
  <Enchant>
    <Id>3370</Id>
    <Name>Rune of Razorice</Name>
    <Slot>OneHand</Slot>
    <Stats>
      <SpecialEffects>
        <SpecialEffect>
          <Trigger>MeleeHit</Trigger>
          <Stats>
            <BonusFrostDamageMultiplier>0.02</BonusFrostDamageMultiplier>
          </Stats>
          <Duration>20</Duration>
          <Cooldown>0</Cooldown>
          <Chance>1</Chance>
          <MaxStack>5</MaxStack>
        </SpecialEffect>
      </SpecialEffects>
      <SpecialEffectCount>1</SpecialEffectCount>
      <BonusFrostWeaponDamage>0.02</BonusFrostWeaponDamage>
    </Stats>
  </Enchant>
  <Enchant>
    <Id>3369</Id>
    <Name>Rune of Cinderglacier</Name>
    <Slot>OneHand</Slot>
    <Stats>
      <SpecialEffects>
        <SpecialEffect>
          <Trigger>DamageDone</Trigger>
          <Stats>
            <CinderglacierProc>2</CinderglacierProc>
          </Stats>
          <Duration>0</Duration>
          <Cooldown>0</Cooldown>
          <Chance>-1.5</Chance>
          <MaxStack>1</MaxStack>
        </SpecialEffect>
      </SpecialEffects>
      <SpecialEffectCount>1</SpecialEffectCount>
    </Stats>
  </Enchant>
  <Enchant>
    <Id>3365</Id>
    <Name>Rune of Swordshattering</Name>
    <Slot>TwoHand</Slot>
    <Stats>
      <Parry>0.04</Parry>
    </Stats>
  </Enchant>
  <Enchant>
    <Id>3594</Id>
    <Name>Rune of Swordbreaking</Name>
    <Slot>OneHand</Slot>
    <Stats>
      <Parry>0.02</Parry>
    </Stats>
  </Enchant>
  <Enchant>
    <Id>3847</Id>
    <Name>Rune of the Stoneskin Gargoyle</Name>
    <Slot>TwoHand</Slot>
    <Stats>
      <Defense>25</Defense>
      <BonusStaminaMultiplier>0.02</BonusStaminaMultiplier>
    </Stats>
  </Enchant>
  <Enchant>
    <Id>3883</Id>
    <Name>Rune of the Nerubian Carapace</Name>
    <Slot>OneHand</Slot>
    <Stats>
      <Defense>13</Defense>
      <BonusStaminaMultiplier>0.01</BonusStaminaMultiplier>
    </Stats>
  </Enchant>
  <Enchant>
    <Id>3604</Id>
    <Name>Hyperspeed Accelerators</Name>
    <Slot>Hands</Slot>
    <Stats>
      <SpecialEffects>
        <SpecialEffect>
          <Trigger>Use</Trigger>
          <Stats>
            <HasteRating>340</HasteRating>
          </Stats>
          <Duration>12</Duration>
          <Cooldown>60</Cooldown>
          <Chance>1</Chance>
          <MaxStack>1</MaxStack>
        </SpecialEffect>
      </SpecialEffects>
      <SpecialEffectCount>1</SpecialEffectCount>
    </Stats>
  </Enchant>
  <Enchant>
    <Id>3860</Id>
    <Name>Reticulated Armor Webbing</Name>
    <Slot>Hands</Slot>
    <Stats>
      <BonusArmor>885</BonusArmor>
    </Stats>
  </Enchant>
  <Enchant>
    <Id>3606</Id>
    <Name>Nitro Boosts</Name>
    <Slot>Feet</Slot>
    <Stats>
      <SpecialEffects>
        <SpecialEffect>
          <Trigger>Use</Trigger>
          <Stats>
            <MovementSpeed>1.5</MovementSpeed>
          </Stats>
          <Duration>5</Duration>
          <Cooldown>180</Cooldown>
          <Chance>1</Chance>
          <MaxStack>1</MaxStack>
        </SpecialEffect>
      </SpecialEffects>
      <SpecialEffectCount>1</SpecialEffectCount>
      <CritRating>24</CritRating>
    </Stats>
  </Enchant>
  <Enchant>
    <Id>3878</Id>
    <Name>Mind Amplification Dish</Name>
    <Slot>Head</Slot>
    <Stats>
      <Stamina>45</Stamina>
    </Stats>
  </Enchant>
  <Enchant>
    <Id>3859</Id>
    <Name>Springy Arachnoweave</Name>
    <Slot>Back</Slot>
    <Stats>
      <SpellPower>27</SpellPower>
    </Stats>
  </Enchant>
  <Enchant>
    <Id>3605</Id>
    <Name>Flexweave Underlay</Name>
    <Slot>Back</Slot>
    <Stats>
      <Agility>23</Agility>
    </Stats>
  </Enchant>
  <Enchant>
    <Id>3722</Id>
    <Name>Lightweave Embroidery</Name>
    <Slot>Back</Slot>
    <Stats>
      <SpecialEffects>
        <SpecialEffect>
          <Trigger>SpellCast</Trigger>
          <Stats>
            <SpellPower>295</SpellPower>
          </Stats>
          <Duration>15</Duration>
          <Cooldown>60</Cooldown>
          <Chance>0.35</Chance>
          <MaxStack>1</MaxStack>
        </SpecialEffect>
      </SpecialEffects>
      <SpecialEffectCount>1</SpecialEffectCount>
      <Spirit>1</Spirit>
    </Stats>
  </Enchant>
  <Enchant>
    <Id>3730</Id>
    <Name>Swordguard Embroidery</Name>
    <Slot>Back</Slot>
    <Stats>
      <SpecialEffects>
        <SpecialEffect>
          <Trigger>PhysicalHit</Trigger>
          <Stats>
            <AttackPower>400</AttackPower>
          </Stats>
          <Duration>15</Duration>
          <Cooldown>45</Cooldown>
          <Chance>0.25</Chance>
          <MaxStack>1</MaxStack>
        </SpecialEffect>
      </SpecialEffects>
      <SpecialEffectCount>1</SpecialEffectCount>
    </Stats>
  </Enchant>
  <Enchant>
    <Id>3728</Id>
    <Name>Darkglow Embroidery</Name>
    <Slot>Back</Slot>
    <Stats>
      <SpecialEffects>
        <SpecialEffect>
          <Trigger>SpellCast</Trigger>
          <Stats>
            <ManaRestore>400</ManaRestore>
          </Stats>
          <Duration>1</Duration>
          <Cooldown>60</Cooldown>
          <Chance>0.35</Chance>
          <MaxStack>1</MaxStack>
        </SpecialEffect>
      </SpecialEffects>
      <SpecialEffectCount>1</SpecialEffectCount>
    </Stats>
  </Enchant>
  <Enchant>
    <Id>3873</Id>
    <Name>Master's Spellthread</Name>
    <Slot>Legs</Slot>
    <Stats>
      <Stamina>30</Stamina>
      <SpellPower>50</SpellPower>
    </Stats>
  </Enchant>
  <Enchant>
    <Id>3850</Id>
    <Name>Major Stamina</Name>
    <Slot>Wrist</Slot>
    <Stats>
      <Stamina>40</Stamina>
    </Stats>
  </Enchant>
  <Enchant>
    <Id>3849</Id>
    <Name>Titanium Plating</Name>
    <Slot>OffHand</Slot>
    <Stats>
      <BlockValue>81</BlockValue>
    </Stats>
  </Enchant>
  <Enchant>
    <Id>3852</Id>
    <Name>Greater Inscription of the Gladiator</Name>
    <Slot>Shoulders</Slot>
    <Stats>
      <Stamina>30</Stamina>
      <Resilience>15</Resilience>
    </Stats>
  </Enchant>
  <Enchant>
    <Id>3854</Id>
    <Name>Greater Spellpower (Staff)</Name>
    <Slot>TwoHand</Slot>
    <Stats>
      <SpellPower>81</SpellPower>
    </Stats>
  </Enchant>
  <Enchant>
    <Id>3855</Id>
    <Name>Spellpower (Staff)</Name>
    <Slot>TwoHand</Slot>
    <Stats>
      <SpellPower>69</SpellPower>
    </Stats>
  </Enchant>
  <Enchant>
    <Id>3603</Id>
    <Name>Hand-Mounted Pyro Rocket</Name>
    <Slot>Hands</Slot>
    <Stats>
      <SpecialEffects>
        <SpecialEffect>
          <Trigger>Use</Trigger>
          <Stats>
            <FireDamage>1837</FireDamage>
          </Stats>
          <Duration>0</Duration>
          <Cooldown>45</Cooldown>
          <Chance>1</Chance>
          <MaxStack>1</MaxStack>
        </SpecialEffect>
      </SpecialEffects>
      <SpecialEffectCount>1</SpecialEffectCount>
    </Stats>
  </Enchant>
</ArrayOfEnchant>