<?xml version="1.0" encoding="utf-8"?>
<ArrayOfSavedPetTalentSpec xmlns:xsi="http://www.w3.org/2001/XMLSchema-instance" xmlns:xsd="http://www.w3.org/2001/XMLSchema">
  <SavedPetTalentSpec>
    <Name>Ferocity MM/SV</Name>
    <Class>Ferocity</Class>
    <Spec>0100100203100000000000000010000330010</Spec>
    <Tree>16</Tree>
  </SavedPetTalentSpec>
  <SavedPetTalentSpec>
    <Name>Ferocity BM</Name>
    <Class>Ferocity</Class>
    <Spec>0200100203100000100010000010000330020</Spec>
    <Tree>20</Tree>
  </SavedPetTalentSpec>
  <SavedPetTalentSpec>
    <Name>Ferocity BM: PvP Core Hound</Name>
    <Class>Ferocity</Class>
    <Spec>0010101203100000000000000010020330020</Spec>
    <Tree>20</Tree>
  </SavedPetTalentSpec>
  <SavedPetTalentSpec>
    <Name>Ferocity BM: PvP Core Hound 2</Name>
    <Class>Ferocity</Class>
    <Spec>0010101203100000000000000010020330020</Spec>
    <Tree>20</Tree>
  </SavedPetTalentSpec>
  <SavedPetTalentSpec>
    <Name>Cunning MM/SV: PvP</Name>
    <Class>Cunning</Class>
    <Spec>0010000020102130000002101001100000000</Spec>
    <Tree>16</Tree>
  </SavedPetTalentSpec>
  <SavedPetTalentSpec>
    <Name>Cunning BM</Name>
    <Class>Cunning</Class>
    <Spec>0001010223120000000000100001000030021</Spec>
    <Tree>20</Tree>
  </SavedPetTalentSpec>
  <SavedPetTalentSpec>
    <Name>Cunning BM: PvP Chimaera</Name>
    <Class>Cunning</Class>
    <Spec>0001000223120000000000101001000030021</Spec>
    <Tree>20</Tree>
  </SavedPetTalentSpec>
  <SavedPetTalentSpec>
    <Name>Cunning BM: PvP Chimaera 2</Name>
    <Class>Cunning</Class>
    <Spec>0000000003122030000000100001100030021</Spec>
    <Tree>20</Tree>
  </SavedPetTalentSpec>
  <SavedPetTalentSpec>
    <Name>Tenacity MM/SV: PvP</Name>
    <Class>Tenacity</Class>
    <Spec>2010001000002130001102000000100000010</Spec>
    <Tree>16</Tree>
  </SavedPetTalentSpec>
  <SavedPetTalentSpec>
    <Name>Tenacity BM: PvP Worm</Name>
    <Class>Tenacity</Class>
    <Spec>2010001003002030001100000000100030020</Spec>
    <Tree>20</Tree>
  </SavedPetTalentSpec>
</ArrayOfSavedPetTalentSpec>